w0,w1,w2,digitos,modelo
[ 2.6042966  -0.01193896 -0.01779691],[-5.24863764  0.03802901  0.00592876],[ 7.74261671e+00 -5.11403372e-03 -6.24322897e-02],"[1, 0, 4, 5]",Linear Regression
[12595.          -201.29019608    35.10588235],[-2.11047000e+05  1.63089412e+03  1.70901961e+02],[ 2.35749000e+05  9.72509804e+01 -2.11101961e+03],"[1, 0, 4, 5]",Pocket PLA
[272.20139494  -4.03428479   0.47339933],[-1367.22825964    17.16932269    -4.81652972],[-3.75122075e+03  2.75048172e+00  2.94857381e+01],"[1, 0, 5, 4]",Logistic Regression

